"Data","Ostatnio","Otwarcie","Max.","Min.","Wol.","Zmiana%"
"01.06.2026","2.964,00","2.967,00","3.099,00","2.920,00","5,68K","-0,37%"
"29.05.2026","2.975,00","3.050,00","3.158,00","2.945,00","7,84K","-3,63%"
"28.05.2026","3.087,00","3.132,00","3.187,00","3.057,00","5,79K","-1,37%"
"27.05.2026","3.130,00","3.148,00","3.263,00","3.108,00","8,33K","-0,73%"
"26.05.2026","3.153,00","2.850,00","3.176,00","2.785,00","7,94K","10,24%"
"22.05.2026","2.860,00","2.841,00","2.881,00","2.746,00","6,80K","0,35%"
"21.05.2026","2.850,00","2.909,00","2.961,00","2.831,00","6,34K","-2,70%"
"20.05.2026","2.929,00","2.942,00","2.972,00","2.854,00","6,16K","-1,15%"
"19.05.2026","2.963,00","2.848,00","2.994,00","2.848,00","7,95K","3,06%"
"18.05.2026","2.875,00","3.033,00","3.035,00","2.821,00","9,06K","-5,24%"
"15.05.2026","3.034,00","3.108,00","3.134,00","2.989,00","6,98K","-2,44%"
"14.05.2026","3.110,00","3.272,00","3.350,00","3.036,00","8,95K","-4,16%"
"13.05.2026","3.245,00","3.400,00","3.400,00","3.225,00","0,18K","-5,37%"
"12.05.2026","3.429,00","3.605,00","3.627,00","3.388,00","0,49K","-3,44%"
"11.05.2026","3.551,00","3.230,00","3.553,00","3.226,00","1,22K","12,09%"
"08.05.2026","3.168,00","3.300,00","3.428,00","3.140,00","2,07K","-3,88%"
"07.05.2026","3.296,00","3.135,00","3.404,00","3.135,00","1,77K","6,80%"
"06.05.2026","3.086,00","3.007,00","3.127,00","3.007,00","1,15K","1,38%"
"05.05.2026","3.044,00","2.835,00","3.079,00","2.824,00","2,64K","15,22%"
"01.05.2026","2.642,00","2.634,00","2.645,00","2.570,00","1,46K","0,80%"
"30.04.2026","2.621,00","2.517,00","2.656,00","2.500,00","5,52K","4,13%"
"29.04.2026","2.517,00","2.458,00","2.530,00","2.445,00","2,73K","0,88%"
"28.04.2026","2.495,00","2.420,00","2.501,00","2.419,00","2,11K","3,10%"
"27.04.2026","2.420,00","2.496,00","2.505,00","2.419,00","2,66K","-3,93%"
"24.04.2026","2.519,00","2.516,00","2.549,00","2.485,00","1,83K","-0,51%"
"23.04.2026","2.532,00","2.508,00","2.541,00","2.460,00","2,17K","0,76%"
"22.04.2026","2.513,00","2.427,00","2.550,00","2.425,00","3,70K","3,80%"
"21.04.2026","2.421,00","2.475,00","2.483,00","2.418,00","2,15K","-2,06%"
"20.04.2026","2.472,00","2.400,00","2.495,00","2.400,00","2,04K","3,34%"
"17.04.2026","2.392,00","2.503,00","2.550,00","2.379,00","4,37K","-4,17%"
"16.04.2026","2.496,00","2.480,00","2.573,00","2.470,00","3,62K","-2,35%"
"15.04.2026","2.556,00","2.570,00","2.640,00","2.520,00","5,94K","-2,14%"
"14.04.2026","2.612,00","2.451,00","2.630,00","2.425,00","6,73K","6,57%"
"13.04.2026","2.451,00","2.420,00","2.460,00","2.380,00","3,99K","1,16%"
"10.04.2026","2.423,00","2.350,00","2.428,00","2.350,00","3,52K","2,37%"
"09.04.2026","2.367,00","2.392,00","2.392,00","2.340,00","4,88K","-1,05%"
"08.04.2026","2.392,00","2.331,00","2.425,00","2.320,00","4,43K","2,62%"
"07.04.2026","2.331,00","2.458,00","2.464,00","2.325,00","6,76K","-5,21%"
"02.04.2026","2.459,00","2.476,00","2.499,00","2.432,00","7,53K","-0,45%"
"01.04.2026","2.470,00","2.480,00","2.482,00","2.431,00","6,86K","-0,68%"
"31.03.2026","2.487,00","2.334,00","2.492,00","2.334,00","7,46K","5,47%"
"30.03.2026","2.358,00","2.353,00","2.374,00","2.332,00","4,45K","-0,51%"
"27.03.2026","2.370,00","2.356,00","2.395,00","2.325,00","4,49K","0,59%"
"26.03.2026","2.356,00","2.327,00","2.384,00","2.310,00","4,23K","1,20%"
"25.03.2026","2.328,00","2.400,00","2.416,00","2.325,00","5,12K","-3,08%"
"24.03.2026","2.402,00","2.364,00","2.415,00","2.359,00","4,59K","1,44%"
"23.03.2026","2.368,00","2.383,00","2.471,00","2.364,00","5,32K","-1,91%"
"20.03.2026","2.414,00","2.445,00","2.467,00","2.351,00","6,21K","-1,67%"
"19.03.2026","2.455,00","2.415,00","2.473,00","2.358,00","6,73K","2,16%"
"18.03.2026","2.403,00","2.450,00","2.476,00","2.394,00","6,40K","-1,31%"
"17.03.2026","2.435,00","2.471,00","2.494,00","2.427,00","6,69K","4,60%"
"16.03.2026","2.328,00","2.315,00","2.316,00","2.312,00","0,02K","-2,76%"
"13.03.2026","2.394,00","2.380,00","2.436,00","2.336,00","0,42K","1,10%"
"12.03.2026","2.368,00","2.463,00","2.470,00","2.302,00","1,96K","-3,97%"
"11.03.2026","2.466,00","2.474,00","2.491,00","2.430,00","1,11K","0,16%"
"10.03.2026","2.462,00","2.332,00","2.471,00","2.330,00","1,34K","5,62%"
"09.03.2026","2.331,00","2.300,00","2.361,00","2.258,00","1,43K","1,79%"
"06.03.2026","2.290,00","2.168,00","2.292,00","2.128,00","0,94K","5,43%"
"05.03.2026","2.172,00","2.143,00","2.178,00","2.105,00","1,16K","1,45%"
"04.03.2026","2.141,00","2.122,00","2.152,00","2.098,00","0,96K","1,52%"
"03.03.2026","2.109,00","2.073,00","2.147,00","2.027,00","1,18K","1,35%"
"02.03.2026","2.081,00","2.000,00","2.106,00","1.997,00","2,89K","2,71%"
"27.02.2026","2.026,00","2.124,00","2.124,00","2.013,00","2,14K","-5,02%"
"26.02.2026","2.133,00","2.165,00","2.200,00","2.112,00","3,36K","-1,16%"
"25.02.2026","2.158,00","2.090,00","2.230,00","2.090,00","2,23K","0,51%"
"24.02.2026","2.147,00","2.199,00","2.208,00","2.060,00","2,82K","-1,65%"
"23.02.2026","2.183,00","2.271,00","2.321,00","2.172,00","2,06K","-3,45%"
"20.02.2026","2.261,00","2.150,00","2.308,00","2.115,00","4,04K","6,25%"
"19.02.2026","2.128,00","2.264,00","2.314,00","2.113,00","2,97K","-6,17%"
"18.02.2026","2.268,00","2.418,00","2.418,00","2.200,00","4,46K","-6,97%"
"17.02.2026","2.438,00","2.537,00","2.539,00","2.415,00","3,34K","-3,22%"
"16.02.2026","2.519,00","2.573,00","2.609,00","2.503,00","1,63K","-1,79%"
"13.02.2026","2.565,00","2.600,00","2.650,00","2.551,00","3,94K","-1,72%"
"12.02.2026","2.610,00","2.738,00","2.761,00","2.604,00","6,53K","-4,61%"
"11.02.2026","2.736,00","2.742,00","2.796,00","2.720,00","3,68K","-0,51%"
"10.02.2026","2.750,00","2.889,00","2.926,00","2.737,00","5,26K","-6,97%"
"09.02.2026","2.956,00","3.010,00","3.100,00","2.934,00","5,46K","-3,08%"
"06.02.2026","3.050,00","3.045,00","3.082,00","2.965,00","5,18K","-0,52%"
"05.02.2026","3.066,00","2.960,00","3.097,00","2.920,00","6,28K","3,13%"
"04.02.2026","2.973,00","3.060,00","3.088,00","2.888,00","6,54K","-3,72%"
"03.02.2026","3.088,00","2.997,00","3.149,00","2.988,00","8,92K","3,04%"
"02.02.2026","2.997,00","2.886,00","3.021,00","2.765,00","8,22K","2,88%"
"30.01.2026","2.913,00","2.920,00","2.940,00","2.728,00","7,13K","-0,03%"
"29.01.2026","2.914,00","2.885,00","2.933,00","2.841,00","6,58K","1,01%"
"28.01.2026","2.885,00","3.077,00","3.087,00","2.835,00","7,09K","-6,72%"
"27.01.2026","3.093,00","3.060,00","3.149,00","3.017,00","7,55K","0,42%"
"26.01.2026","3.080,00","3.031,00","3.169,00","2.979,00","9,02K","2,43%"
"23.01.2026","3.007,00","3.214,00","3.220,00","2.916,00","9,54K","-6,41%"
"22.01.2026","3.213,00","3.196,00","3.249,00","3.124,00","7,77K","0,09%"
"21.01.2026","3.210,00","3.325,00","3.345,00","3.046,00","14,17K","-4,09%"
"20.01.2026","3.347,00","3.609,00","3.609,00","3.313,00","16,57K","-8,28%"
"19.01.2026","3.649,00","3.723,00","3.743,00","3.613,00","6,33K","-1,70%"
"16.01.2026","3.712,00","3.707,00","3.777,00","3.655,00","7,66K","1,70%"
"15.01.2026","3.650,00","3.680,00","3.719,00","3.572,00","12,73K","-2,30%"
"14.01.2026","3.736,00","3.840,00","3.856,00","3.666,00","10,02K","-2,43%"
"13.01.2026","3.829,00","3.940,00","4.035,00","3.738,00","9,35K","-2,82%"
"12.01.2026","3.940,00","3.920,00","3.961,00","3.779,00","13,20K","0,61%"
"09.01.2026","3.916,00","4.333,00","4.400,00","3.899,00","13,47K","-10,35%"
"08.01.2026","4.368,00","4.281,00","4.488,00","4.230,00","9,33K","2,56%"
"07.01.2026","4.259,00","4.309,00","4.359,00","4.103,00","6,78K","-0,72%"
"06.01.2026","4.290,00","4.369,00","4.417,00","4.275,00","6,88K","-1,54%"
"05.01.2026","4.357,00","4.249,00","4.400,00","4.229,00","5,01K","2,57%"
"02.01.2026","4.248,00","4.365,00","4.377,00","4.205,00","4,29K","-2,95%"
"31.12.2025","4.377,00","4.335,00","4.477,00","4.314,00","3,83K","0,25%"
"30.12.2025","4.366,00","4.487,00","4.535,00","4.250,00","6,76K","-2,80%"
"29.12.2025","4.492,00","4.220,00","4.535,00","4.220,00","7,59K","6,55%"
"24.12.2025","4.216,00","4.298,00","4.315,00","4.208,00","1,39K","-2,02%"
"23.12.2025","4.303,00","4.269,00","4.333,00","4.153,00","4,81K","0,80%"
"22.12.2025","4.269,00","4.280,00","4.350,00","4.205,00","4,28K","-0,35%"
"19.12.2025","4.284,00","4.322,00","4.370,00","4.230,00","4,73K","-0,99%"
"18.12.2025","4.327,00","4.351,00","4.405,00","4.220,00","4,48K","-0,55%"
"17.12.2025","4.351,00","4.370,00","4.436,00","4.300,00","4,88K","-0,25%"
"16.12.2025","4.362,00","4.234,00","4.400,00","4.234,00","7,17K","3,02%"
"15.12.2025","4.234,00","4.555,00","4.565,00","4.202,00","7,76K","-7,05%"
"12.12.2025","4.555,00","4.498,00","4.622,00","4.463,00","8,52K","2,57%"
"11.12.2025","4.441,00","4.441,00","4.441,00","4.441,00","","1,23%"
"10.12.2025","4.387,00","4.168,00","4.448,00","4.159,00","0,34K","5,74%"
"09.12.2025","4.149,00","4.013,00","4.198,00","4.009,00","0,97K","3,60%"
"08.12.2025","4.005,00","3.927,00","4.053,00","3.927,00","1,09K","1,57%"
"05.12.2025","3.943,00","3.850,00","3.980,00","3.801,00","1,04K","2,50%"
"04.12.2025","3.847,00","3.876,00","3.903,00","3.810,00","1,02K","-0,72%"
"03.12.2025","3.875,00","3.904,00","3.904,00","3.823,00","1,29K","-0,33%"
"02.12.2025","3.888,00","3.961,00","3.961,00","3.855,00","1,16K","-1,84%"
"01.12.2025","3.961,00","3.944,00","4.003,00","3.895,00","1,02K","0,41%"
"28.11.2025","3.945,00","3.776,00","3.998,00","3.750,00","2,39K","4,34%"
"27.11.2025","3.781,00","3.645,00","3.790,00","3.645,00","1,49K","3,79%"
"26.11.2025","3.643,00","3.675,00","3.778,00","3.613,00","1,69K","-0,27%"
"25.11.2025","3.653,00","3.713,00","3.719,00","3.511,00","1,92K","-1,38%"
"24.11.2025","3.704,00","3.754,00","3.755,00","3.665,00","2,08K","-2,06%"
"21.11.2025","3.782,00","3.903,00","3.940,00","3.742,00","2,17K","-2,50%"
"20.11.2025","3.879,00","3.795,00","3.980,00","3.791,00","1,93K","2,19%"
"19.11.2025","3.796,00","4.046,00","4.054,00","3.765,00","2,82K","-6,32%"
"18.11.2025","4.052,00","3.990,00","4.094,00","3.950,00","1,87K","1,00%"
"17.11.2025","4.012,00","4.052,00","4.184,00","3.952,00","3,22K","-1,47%"
"14.11.2025","4.072,00","4.086,00","4.139,00","3.970,00","1,51K","-0,90%"
"13.11.2025","4.109,00","4.157,00","4.193,00","4.084,00","3,36K","-1,44%"
"12.11.2025","4.169,00","4.165,00","4.291,00","4.121,00","3,21K","0,41%"
"11.11.2025","4.152,00","4.323,00","4.360,00","4.103,00","4,14K","-4,73%"
"10.11.2025","4.358,00","4.322,00","4.406,00","4.235,00","3,80K","0,83%"
"07.11.2025","4.322,00","4.430,00","4.439,00","4.304,00","4,09K","-2,53%"
"06.11.2025","4.434,00","4.526,00","4.526,00","4.377,00","3,88K","-3,08%"
"05.11.2025","4.575,00","4.777,00","4.777,00","4.560,00","3,69K","-3,97%"
"04.11.2025","4.764,00","4.720,00","4.774,00","4.628,00","3,39K","1,17%"
"03.11.2025","4.709,00","4.424,00","4.723,00","4.424,00","5,92K","6,44%"
"31.10.2025","4.424,00","4.350,00","4.583,00","4.349,00","5,06K","1,94%"
"30.10.2025","4.340,00","4.317,00","4.353,00","4.258,00","2,89K","0,44%"
"29.10.2025","4.321,00","4.250,00","4.352,00","4.206,00","2,78K","1,46%"
"28.10.2025","4.259,00","4.372,00","4.400,00","4.235,00","3,25K","-2,58%"
"27.10.2025","4.372,00","4.518,00","4.518,00","4.326,00","4,23K","-3,23%"
"24.10.2025","4.518,00","4.559,00","4.637,00","4.510,00","4,25K","-0,90%"
"23.10.2025","4.559,00","4.580,00","4.680,00","4.473,00","7,05K","-0,15%"
"22.10.2025","4.566,00","4.206,00","4.574,00","4.200,00","10,68K","8,71%"
"21.10.2025","4.200,00","4.105,00","4.219,00","4.105,00","5,50K","2,46%"
"20.10.2025","4.099,00","4.106,00","4.195,00","4.036,00","4,77K","-0,17%"
"17.10.2025","4.106,00","4.270,00","4.298,00","4.020,00","6,85K","-2,19%"
"16.10.2025","4.198,00","4.124,00","4.256,00","4.124,00","7,43K","2,62%"
"15.10.2025","4.091,00","4.174,00","4.199,00","4.033,00","8,06K","-2,73%"
"14.10.2025","4.206,00","4.159,00","4.221,00","4.087,00","7,12K","1,23%"
"13.10.2025","4.155,00","4.140,00","4.247,00","4.007,00","7,66K","0,56%"
"10.10.2025","4.132,00","4.190,00","4.245,00","4.125,00","4,94K","-1,67%"
"09.10.2025","4.202,00","4.171,00","4.249,00","4.130,00","5,82K","0,45%"
"08.10.2025","4.183,00","4.292,00","4.316,00","4.108,00","6,57K","-1,85%"
"07.10.2025","4.262,00","4.340,00","4.363,00","4.180,00","7,85K","-1,64%"
"06.10.2025","4.333,00","4.283,00","4.373,00","4.212,00","7,01K","1,05%"
"03.10.2025","4.288,00","4.503,00","4.512,00","4.254,00","10,38K","-4,99%"
"02.10.2025","4.513,00","4.675,00","4.698,00","4.461,00","7,67K","-3,77%"
"01.10.2025","4.690,00","4.730,00","4.750,00","4.673,00","5,72K","-0,85%"
"30.09.2025","4.730,00","4.829,00","4.855,00","4.686,00","7,69K","-2,47%"
"29.09.2025","4.850,00","4.814,00","4.890,00","4.814,00","4,02K","0,64%"
"26.09.2025","4.819,00","4.868,00","4.875,00","4.810,00","4,15K","-1,01%"
"25.09.2025","4.868,00","4.909,00","4.951,00","4.856,00","4,33K","-1,00%"
"24.09.2025","4.917,00","4.879,00","4.975,00","4.869,00","4,94K","0,68%"
"23.09.2025","4.884,00","4.890,00","4.920,00","4.824,00","7,65K","-0,45%"
"22.09.2025","4.906,00","5.050,00","5.050,00","4.845,00","8,62K","-2,95%"
"19.09.2025","5.055,00","5.030,00","5.070,00","5.004,00","4,84K","0,82%"
"18.09.2025","5.014,00","5.077,00","5.093,00","5.005,00","5,42K","-1,71%"
"17.09.2025","5.101,00","5.107,00","5.145,00","5.075,00","4,97K","-0,12%"
"16.09.2025","5.107,00","5.198,00","5.250,00","5.095,00","5,46K","-0,16%"
"15.09.2025","5.115,00","5.037,00","5.037,00","5.016,00","0,02K","2,01%"
"12.09.2025","5.014,00","5.278,00","5.344,00","5.085,00","0,19K","-4,84%"
"11.09.2025","5.269,00","5.194,00","5.284,00","5.115,00","0,73K","3,21%"
"10.09.2025","5.105,00","5.037,00","5.118,00","5.014,00","0,40K","1,25%"
"09.09.2025","5.042,00","4.984,00","5.148,00","4.894,00","0,97K","1,14%"
"08.09.2025","4.985,00","5.157,00","5.157,00","4.972,00","0,84K","-2,66%"
"05.09.2025","5.121,00","5.148,00","5.173,00","5.097,00","1,33K","-0,62%"
"04.09.2025","5.153,00","5.278,00","5.301,00","5.146,00","1,74K","-2,18%"
"03.09.2025","5.268,00","5.308,00","5.332,00","5.182,00","1,11K","-0,06%"
"02.09.2025","5.271,00","5.285,00","5.352,00","5.165,00","2,45K","-0,45%"
"01.09.2025","5.295,00","5.331,00","5.333,00","5.285,00","0,59K","-0,53%"
"29.08.2025","5.323,00","5.386,00","5.399,00","5.300,00","1,50K","-0,99%"
"28.08.2025","5.376,00","5.435,00","5.476,00","5.341,00","2,29K","-1,29%"
"27.08.2025","5.446,00","5.387,00","5.475,00","5.352,00","2,20K","1,53%"
"26.08.2025","5.364,00","5.405,00","5.424,00","5.289,00","1,98K","0,60%"
"22.08.2025","5.332,00","5.349,00","5.456,00","5.280,00","1,60K","-0,49%"
"21.08.2025","5.358,00","5.597,00","5.632,00","5.341,00","3,37K","-3,84%"
"20.08.2025","5.572,00","5.625,00","5.700,00","5.441,00","1,66K","-1,42%"
"19.08.2025","5.652,00","5.605,00","5.700,00","5.548,00","1,65K","0,91%"
"18.08.2025","5.601,00","5.666,00","5.691,00","5.580,00","0,96K","-0,05%"
"15.08.2025","5.604,00","5.601,00","5.643,00","5.503,00","1,11K","0,30%"
"14.08.2025","5.587,00","5.791,00","5.818,00","5.547,00","1,32K","-3,41%"
"13.08.2025","5.784,00","5.790,00","5.907,00","5.732,00","2,52K","-1,13%"
"12.08.2025","5.850,00","5.742,00","5.971,00","5.742,00","3,49K","1,18%"
"11.08.2025","5.782,00","5.577,00","6.015,00","5.560,00","4,40K","5,34%"
"08.08.2025","5.489,00","5.473,00","5.588,00","5.464,00","1,54K","-0,38%"
"07.08.2025","5.510,00","5.513,00","5.550,00","5.371,00","3,08K","-0,38%"
"06.08.2025","5.531,00","5.579,00","5.631,00","5.480,00","3,08K","-0,36%"
"05.08.2025","5.551,00","5.350,00","5.588,00","5.318,00","3,81K","3,14%"
"04.08.2025","5.382,00","5.503,00","5.519,00","5.306,00","3,17K","-2,02%"
"01.08.2025","5.493,00","5.700,00","5.735,00","5.462,00","3,64K","-2,92%"
"31.07.2025","5.658,00","5.446,00","5.723,00","5.430,00","3,30K","3,40%"
"30.07.2025","5.472,00","5.514,00","5.655,00","5.451,00","3,02K","0,29%"
"29.07.2025","5.456,00","5.612,00","5.700,00","5.441,00","4,79K","-2,40%"
"28.07.2025","5.590,00","5.473,00","5.600,00","5.356,00","4,44K","1,91%"
"25.07.2025","5.485,00","5.347,00","5.496,00","5.278,00","3,19K","2,66%"
"24.07.2025","5.343,00","5.480,00","5.531,00","5.301,00","3,85K","-2,23%"
"23.07.2025","5.465,00","5.350,00","5.484,00","5.296,00","2,92K","2,13%"
"22.07.2025","5.351,00","5.222,00","5.392,00","5.189,00","3,18K","2,12%"
"21.07.2025","5.240,00","4.994,00","5.276,00","4.966,00","4,11K","3,80%"
"18.07.2025","5.048,00","4.825,00","5.073,00","4.780,00","4,39K","5,10%"
"17.07.2025","4.803,00","4.940,00","4.940,00","4.701,00","6,97K","-7,37%"
"16.07.2025","5.185,00","5.185,00","5.185,00","5.185,00","","0,54%"
"15.07.2025","5.157,00","5.247,00","5.249,00","5.219,00","0,04K","-2,99%"
"14.07.2025","5.316,00","5.262,00","5.275,00","5.180,00","0,28K","1,47%"
"11.07.2025","5.239,00","5.249,00","5.249,00","5.159,00","0,29K","-0,17%"
"10.07.2025","5.248,00","5.455,00","5.455,00","5.236,00","0,43K","-4,37%"
"09.07.2025","5.488,00","5.383,00","5.488,00","5.355,00","0,43K","2,81%"
"08.07.2025","5.338,00","5.525,00","5.525,00","5.337,00","0,21K","-0,84%"
"07.07.2025","5.383,00","5.393,00","5.435,00","5.202,00","0,92K","-1,34%"
"04.07.2025","5.456,00","5.326,00","5.495,00","5.300,00","1,08K","1,07%"
"03.07.2025","5.398,00","5.495,00","5.580,00","5.313,00","1,91K","-1,42%"
"02.07.2025","5.476,00","5.740,00","5.777,00","5.479,00","3,06K","-4,48%"
"01.07.2025","5.733,00","6.137,00","6.137,00","5.723,00","3,36K","-6,70%"
"30.06.2025","6.145,00","6.187,00","6.285,00","6.134,00","3,25K","-0,66%"
"27.06.2025","6.186,00","6.280,00","6.316,00","6.169,00","2,26K","-0,72%"
"26.06.2025","6.231,00","6.045,00","6.260,00","6.020,00","1,18K","3,35%"
"25.06.2025","6.029,00","6.095,00","6.150,00","5.976,00","1,70K","-0,68%"
"24.06.2025","6.070,00","6.039,00","6.100,00","5.936,00","1,57K","0,96%"
"23.06.2025","6.012,00","5.800,00","6.098,00","5.754,00","1,44K","3,69%"
"20.06.2025","5.798,00","5.896,00","5.964,00","5.660,00","1,82K","-2,51%"
"19.06.2025","5.947,00","6.180,00","6.180,00","5.681,00","2,34K","-4,48%"
"18.06.2025","6.226,00","6.424,00","6.477,00","6.171,00","2,05K","-3,14%"
"17.06.2025","6.428,00","6.560,00","6.675,00","6.400,00","1,37K","-1,71%"
"16.06.2025","6.540,00","6.432,00","6.579,00","6.326,00","1,62K","1,68%"
"13.06.2025","6.432,00","6.573,00","6.650,00","6.420,00","1,64K","-2,56%"
"12.06.2025","6.601,00","6.523,00","6.673,00","6.474,00","2,03K","1,20%"
"11.06.2025","6.523,00","6.540,00","6.657,00","6.488,00","2,62K","-1,18%"
"10.06.2025","6.601,00","6.817,00","6.860,00","6.569,00","2,60K","-3,14%"
"09.06.2025","6.815,00","6.829,00","6.930,00","6.623,00","2,43K","-0,32%"
"06.06.2025","6.837,00","6.629,00","6.964,00","6.629,00","3,20K","3,40%"
"05.06.2025","6.612,00","6.465,00","6.657,00","6.459,00","2,57K","0,99%"
"04.06.2025","6.547,00","6.471,00","6.600,00","6.303,00","3,05K","1,13%"
"03.06.2025","6.474,00","6.345,00","6.535,00","6.286,00","2,40K","2,39%"
"02.06.2025","6.323,00","6.506,00","6.624,00","6.279,00","2,79K","-3,33%"
"30.05.2025","6.541,00","6.205,00","6.568,00","6.168,00","3,99K","5,48%"
"29.05.2025","6.201,00","6.566,00","6.566,00","6.168,00","5,71K","-4,69%"
"28.05.2025","6.506,00","6.592,00","6.615,00","6.325,00","5,64K","-0,85%"
"27.05.2025","6.562,00","6.655,00","6.803,00","6.547,00","4,38K","-1,23%"
"23.05.2025","6.644,00","7.128,00","7.202,00","6.558,00","6,15K","-6,41%"
"22.05.2025","7.099,00","7.452,00","7.452,00","7.040,00","4,74K","-4,75%"
"21.05.2025","7.453,00","7.640,00","7.718,00","7.326,00","4,36K","-2,45%"
"20.05.2025","7.640,00","7.644,00","7.832,00","7.553,00","4,56K","-0,16%"
"19.05.2025","7.652,00","7.674,00","7.680,00","7.262,00","5,81K","-0,96%"
"16.05.2025","7.726,00","7.400,00","7.862,00","7.285,00","6,86K","5,24%"
"15.05.2025","7.341,00","7.047,00","7.368,00","6.975,00","4,77K","3,58%"
"14.05.2025","7.087,00","6.963,00","6.963,00","6.950,00","0,12K","-3,04%"
"13.05.2025","7.309,00","6.786,00","7.259,00","6.724,00","0,29K","8,23%"
"12.05.2025","6.753,00","6.656,00","6.800,00","6.655,00","0,46K","1,23%"
"09.05.2025","6.671,00","6.650,00","6.950,00","6.562,00","0,59K","0,14%"
"08.05.2025","6.662,00","6.975,00","7.025,00","6.412,00","2,02K","-4,21%"
"07.05.2025","6.955,00","6.500,00","6.999,00","6.497,00","1,13K","6,09%"
"06.05.2025","6.556,00","6.160,00","6.540,00","6.160,00","1,33K","3,50%"
"02.05.2025","6.334,00","6.350,00","6.500,00","6.275,00","1,18K","-0,41%"
"01.05.2025","6.360,00","6.430,00","6.482,00","6.279,00","0,85K","-1,76%"
"30.04.2025","6.474,00","6.330,00","6.500,00","6.051,00","1,90K","2,53%"
"29.04.2025","6.314,00","6.299,00","6.500,00","6.211,00","1,92K","0,43%"
"28.04.2025","6.287,00","6.492,00","6.506,00","6.250,00","1,44K","-3,08%"
"25.04.2025","6.487,00","6.365,00","6.500,00","6.299,00","1,39K","1,63%"
"24.04.2025","6.383,00","6.261,00","6.430,00","6.122,00","1,73K","0,93%"
"23.04.2025","6.324,00","6.463,00","6.680,00","6.147,00","2,42K","-2,07%"
"22.04.2025","6.458,00","6.250,00","6.510,00","6.150,00","2,41K","6,16%"
"17.04.2025","6.083,00","5.890,00","6.170,00","5.880,00","2,08K","4,13%"
"16.04.2025","5.842,00","5.818,00","5.892,00","5.689,00","1,80K","0,90%"
"15.04.2025","5.790,00","5.969,00","5.983,00","5.776,00","3,61K","-3,06%"
"14.04.2025","5.973,00","6.194,00","6.284,00","5.938,00","1,54K","-3,82%"
"11.04.2025","6.210,00","5.970,00","6.240,00","5.944,00","1,06K","3,69%"
"10.04.2025","5.989,00","6.155,00","6.314,00","5.929,00","1,73K","-1,80%"
"09.04.2025","6.099,00","5.801,00","6.144,00","5.574,00","1,83K","6,20%"
"08.04.2025","5.743,00","6.000,00","6.040,00","5.576,00","3,60K","-3,80%"
"07.04.2025","5.970,00","6.330,00","6.334,00","5.939,00","3,98K","-5,87%"
"04.04.2025","6.342,00","6.731,00","6.800,00","6.268,00","3,05K","-4,66%"
"03.04.2025","6.652,00","6.790,00","6.826,00","6.438,00","6,78K","-1,74%"
"02.04.2025","6.770,00","6.369,00","6.818,00","6.321,00","8,61K","7,44%"
"01.04.2025","6.301,00","6.221,00","6.351,00","6.165,00","3,27K","1,66%"
"31.03.2025","6.198,00","6.260,00","6.331,00","6.133,00","3,60K","-0,97%"
"28.03.2025","6.259,00","6.139,00","6.270,00","6.107,00","3,86K","1,52%"
"27.03.2025","6.165,00","6.234,00","6.332,00","6.124,00","3,58K","-1,45%"
"26.03.2025","6.256,00","6.225,00","6.410,00","6.206,00","2,81K","1,12%"
"25.03.2025","6.187,00","6.337,00","6.370,00","6.110,00","2,95K","-2,03%"
"24.03.2025","6.315,00","6.090,00","6.347,00","6.090,00","3,40K","4,00%"
"21.03.2025","6.072,00","6.281,00","6.319,00","5.969,00","4,71K","-2,60%"
"20.03.2025","6.234,00","6.225,00","6.470,00","6.124,00","5,41K","0,00%"
"19.03.2025","6.234,00","6.190,00","6.334,00","6.051,00","3,48K","1,00%"
"18.03.2025","6.172,00","6.102,00","6.350,00","6.034,00","4,14K","1,21%"
"17.03.2025","6.098,00","6.082,00","6.220,00","5.994,00","3,74K","-2,12%"
"14.03.2025","6.230,00","6.196,00","6.196,00","6.196,00","0,06K","-3,13%"
"13.03.2025","6.431,00","6.510,00","6.648,00","6.510,00","0,90K","0,69%"
"12.03.2025","6.387,00","6.259,00","6.449,00","6.250,00","0,68K","1,66%"
"11.03.2025","6.283,00","6.328,00","6.335,00","6.161,00","0,52K","-1,78%"
"10.03.2025","6.397,00","6.430,00","6.454,00","6.057,00","1,09K","-0,05%"
"07.03.2025","6.400,00","6.301,00","6.626,00","6.301,00","1,42K","1,57%"
"06.03.2025","6.301,00","6.280,00","6.407,00","6.152,00","1,28K","1,22%"
"05.03.2025","6.225,00","6.509,00","6.695,00","6.173,00","0,94K","-3,52%"
"04.03.2025","6.452,00","6.400,00","6.590,00","6.051,00","1,39K","0,40%"
"03.03.2025","6.426,00","7.181,00","7.181,00","6.393,00","1,74K","-10,69%"
"28.02.2025","7.195,00","7.375,00","7.400,00","7.044,00","1,79K","-2,55%"
"27.02.2025","7.383,00","7.357,00","7.414,00","7.137,00","1,53K","0,35%"
"26.02.2025","7.357,00","7.050,00","7.403,00","7.000,00","1,94K","4,47%"
"25.02.2025","7.042,00","6.800,00","7.055,00","6.641,00","3,15K","4,36%"
"24.02.2025","6.748,00","7.320,00","7.524,00","6.572,00","2,76K","-7,74%"
"21.02.2025","7.314,00","7.930,00","7.944,00","7.281,00","2,84K","-7,64%"
"20.02.2025","7.919,00","8.065,00","8.065,00","7.905,00","1,14K","-1,83%"
"19.02.2025","8.067,00","8.043,00","8.108,00","7.987,00","1,03K","0,32%"
"18.02.2025","8.041,00","8.099,00","8.126,00","7.962,00","1,46K","-0,29%"
"17.02.2025","8.064,00","8.016,00","8.100,00","8.000,00","0,48K","0,60%"
"14.02.2025","8.016,00","8.172,00","8.262,00","7.999,00","1,28K","-1,91%"
"13.02.2025","8.172,00","8.000,00","8.218,00","8.000,00","1,19K","2,05%"
"12.02.2025","8.008,00","8.054,00","8.150,00","7.917,00","1,98K","-0,68%"
"11.02.2025","8.063,00","7.802,00","8.081,00","7.802,00","2,58K","3,35%"
"10.02.2025","7.802,00","7.779,00","7.906,00","7.717,00","2,12K","-1,48%"
"07.02.2025","7.919,00","7.970,00","8.178,00","7.620,00","3,21K","-1,15%"
"06.02.2025","8.011,00","8.295,00","8.298,00","7.859,00","3,63K","-3,10%"
"05.02.2025","8.267,00","8.578,00","8.650,00","8.217,00","3,10K","-3,67%"
"04.02.2025","8.582,00","8.670,00","8.737,00","8.430,00","5,35K","-0,96%"
"03.02.2025","8.665,00","8.613,00","8.850,00","8.501,00","4,82K","0,63%"
"31.01.2025","8.611,00","8.788,00","8.829,00","8.280,00","7,21K","-2,47%"
"30.01.2025","8.829,00","9.191,00","9.191,00","8.733,00","3,43K","-3,99%"
"29.01.2025","9.196,00","9.050,00","9.200,00","9.050,00","2,36K","1,68%"
"28.01.2025","9.044,00","9.075,00","9.090,00","8.919,00","3,25K","-0,12%"
"27.01.2025","9.055,00","9.120,00","9.214,00","8.982,00","3,13K","-1,43%"
"24.01.2025","9.186,00","9.213,00","9.269,00","9.002,00","3,19K","0,03%"
"23.01.2025","9.183,00","9.380,00","9.411,00","9.109,00","5,18K","-1,75%"
"22.01.2025","9.347,00","9.199,00","9.427,00","9.103,00","6,01K","1,16%"
"21.01.2025","9.240,00","9.035,00","9.308,00","8.998,00","5,63K","2,62%"
"20.01.2025","9.004,00","8.957,00","9.027,00","8.775,00","3,93K","0,55%"
"17.01.2025","8.955,00","8.522,00","9.036,00","8.508,00","7,32K","4,99%"
"16.01.2025","8.529,00","8.636,00","8.745,00","8.500,00","6,97K","-2,48%"
"15.01.2025","8.746,00","8.856,00","8.900,00","8.659,00","3,75K","-1,25%"
"14.01.2025","8.857,00","8.860,00","9.080,00","8.812,00","3,80K","0,11%"
"13.01.2025","8.847,00","8.644,00","8.873,00","8.550,00","4,54K","3,11%"
"10.01.2025","8.580,00","8.825,00","8.825,00","8.512,00","6,86K","-2,54%"
"09.01.2025","8.804,00","9.090,00","9.237,00","8.610,00","8,09K","3,39%"
"08.01.2025","8.515,00","9.017,00","9.050,00","8.500,00","9,05K","-5,48%"
"07.01.2025","9.009,00","8.999,00","9.225,00","8.914,00","3,88K","-0,23%"
"06.01.2025","9.030,00","9.171,00","9.380,00","8.858,00","7,23K","0,11%"
"03.01.2025","9.020,00","9.090,00","9.188,00","8.935,00","2,96K","0,51%"
"02.01.2025","8.974,00","9.133,00","9.272,00","8.785,00","3,99K","-1,85%"
"31.12.2024","9.143,00","8.999,00","9.272,00","8.884,00","5,60K","0,32%"
"30.12.2024","9.114,00","8.078,00","9.218,00","7.809,00","8,96K","12,28%"
"27.12.2024","8.117,00","8.820,00","8.950,00","8.069,00","7,62K","-11,13%"
"24.12.2024","9.134,00","9.334,00","9.389,00","9.101,00","1,85K","-2,54%"
"23.12.2024","9.372,00","9.482,00","9.577,00","9.300,00","2,67K","-1,26%"
"20.12.2024","9.492,00","9.400,00","9.750,00","9.100,00","5,71K","-1,79%"
"19.12.2024","9.665,00","9.935,00","9.994,00","9.568,00","6,79K","-2,63%"
"18.12.2024","9.926,00","9.391,00","10.100,00","9.288,00","9,28K","7,12%"
"17.12.2024","9.266,00","9.302,00","9.501,00","9.127,00","6,56K","-0,93%"
"16.12.2024","9.353,00","8.926,00","9.440,00","8.926,00","8,72K","4,78%"
"13.12.2024","8.926,00","8.622,00","8.953,00","8.561,00","6,92K","8,01%"
"12.12.2024","8.264,00","8.264,00","8.264,00","8.264,00","","-0,02%"
"11.12.2024","8.266,00","8.518,00","8.537,00","8.187,00","0,28K","-2,22%"
"10.12.2024","8.454,00","8.469,00","8.560,00","8.396,00","0,35K","1,09%"
"09.12.2024","8.363,00","8.251,00","8.579,00","8.193,00","0,40K","2,54%"
"06.12.2024","8.156,00","8.025,00","8.284,00","7.968,00","0,70K","2,05%"
"05.12.2024","7.992,00","7.655,00","8.190,00","7.633,00","0,56K","5,27%"
"04.12.2024","7.592,00","7.512,00","7.646,00","7.340,00","0,97K","2,93%"
"03.12.2024","7.376,00","8.010,00","8.100,00","7.357,00","1,60K","-7,71%"
"02.12.2024","7.992,00","7.950,00","8.067,00","7.894,00","0,69K","0,74%"
"29.11.2024","7.933,00","7.865,00","8.000,00","7.753,00","1,75K","1,17%"
"28.11.2024","7.841,00","7.745,00","7.854,00","7.584,00","0,45K","2,26%"
"27.11.2024","7.668,00","7.840,00","7.919,00","7.650,00","1,30K","-2,08%"
"26.11.2024","7.831,00","7.655,00","7.879,00","7.550,00","1,43K","2,22%"
"25.11.2024","7.661,00","7.749,00","7.811,00","7.579,00","1,01K","-1,22%"
"22.11.2024","7.756,00","7.370,00","7.920,00","7.370,00","1,57K","5,62%"
"21.11.2024","7.343,00","7.206,00","7.390,00","7.179,00","0,81K","1,90%"
"20.11.2024","7.206,00","7.250,00","7.300,00","7.144,00","1,19K","-0,40%"
"19.11.2024","7.235,00","6.928,00","7.285,00","6.914,00","3,12K","3,49%"
"18.11.2024","6.991,00","7.157,00","7.157,00","6.853,00","1,22K","-1,62%"
"15.11.2024","7.106,00","7.087,00","7.269,00","6.999,00","2,37K","1,27%"
"14.11.2024","7.017,00","6.535,00","7.080,00","6.535,00","2,84K","7,87%"
"13.11.2024","6.505,00","6.265,00","6.785,00","6.240,00","2,80K","4,16%"
"12.11.2024","6.245,00","5.985,00","6.263,00","5.953,00","3,46K","5,22%"
"11.11.2024","5.935,00","5.888,00","6.000,00","5.864,00","1,78K","1,89%"
"08.11.2024","5.825,00","5.814,00","5.930,00","5.797,00","2,82K","-0,02%"
"07.11.2024","5.826,00","5.510,00","5.844,00","5.471,00","2,43K","5,99%"
"06.11.2024","5.497,00","5.664,00","5.712,00","5.484,00","2,34K","-3,10%"
"05.11.2024","5.673,00","5.801,00","5.802,00","5.546,00","3,12K","-2,04%"
"04.11.2024","5.791,00","5.871,00","5.933,00","5.715,00","3,95K","-1,36%"
"01.11.2024","5.871,00","5.861,00","5.937,00","5.784,00","2,19K","0,43%"
"31.10.2024","5.846,00","5.915,00","5.933,00","5.827,00","3,80K","-0,22%"
"30.10.2024","5.859,00","5.788,00","5.900,00","5.639,00","3,75K","1,10%"
"29.10.2024","5.795,00","5.456,00","5.826,00","5.450,00","4,38K","6,21%"
"28.10.2024","5.456,00","5.237,00","5.481,00","5.200,00","4,19K","4,28%"
"25.10.2024","5.232,00","5.176,00","5.380,00","4.924,00","5,43K","1,10%"
"24.10.2024","5.175,00","5.462,00","5.476,00","5.162,00","4,67K","-3,81%"
"23.10.2024","5.380,00","5.458,00","5.524,00","5.323,00","3,74K","-1,25%"
"22.10.2024","5.448,00","5.602,00","5.641,00","5.338,00","4,89K","-2,75%"
"21.10.2024","5.602,00","5.607,00","5.687,00","5.500,00","3,23K","0,45%"
"18.10.2024","5.577,00","5.835,00","5.984,00","5.523,00","4,29K","-4,18%"
"17.10.2024","5.820,00","5.725,00","5.941,00","5.616,00","2,30K","1,23%"
"16.10.2024","5.749,00","5.830,00","6.058,00","5.728,00","5,87K","-0,73%"
"15.10.2024","5.791,00","5.640,00","5.805,00","5.614,00","4,01K","2,64%"
"14.10.2024","5.642,00","5.676,00","5.798,00","5.629,00","4,97K","-0,02%"
"11.10.2024","5.643,00","5.518,00","5.790,00","5.489,00","6,34K","2,21%"
"10.10.2024","5.521,00","5.392,00","5.538,00","5.252,00","4,04K","2,72%"
"09.10.2024","5.375,00","5.140,00","5.449,00","5.118,00","5,12K","4,96%"
"08.10.2024","5.121,00","5.095,00","5.236,00","5.038,00","3,84K","1,77%"
"07.10.2024","5.032,00","5.118,00","5.131,00","4.992,00","2,37K","-1,49%"
"04.10.2024","5.108,00","5.128,00","5.142,00","4.900,00","3,32K","1,03%"
"03.10.2024","5.056,00","4.975,00","5.132,00","4.862,00","4,31K","1,98%"
"02.10.2024","4.958,00","5.117,00","5.349,00","4.894,00","8,30K","-2,90%"
"01.10.2024","5.106,00","5.292,00","5.367,00","5.100,00","6,10K","-2,58%"
"30.09.2024","5.241,00","5.553,00","5.554,00","5.225,00","5,56K","-5,35%"
"27.09.2024","5.537,00","5.352,00","5.582,00","5.301,00","4,26K","3,98%"
"26.09.2024","5.325,00","5.312,00","5.730,00","5.298,00","7,98K","0,40%"
"25.09.2024","5.304,00","5.200,00","5.371,00","5.138,00","6,08K","2,26%"
"24.09.2024","5.187,00","5.268,00","5.296,00","5.134,00","6,33K","-1,54%"
"23.09.2024","5.268,00","5.298,00","5.327,00","5.229,00","3,96K","0,00%"
"20.09.2024","5.268,00","5.301,00","5.342,00","5.240,00","3,50K","-0,72%"
"19.09.2024","5.306,00","5.401,00","5.432,00","5.294,00","2,78K","-1,65%"
"18.09.2024","5.395,00","5.273,00","5.409,00","5.267,00","2,99K","2,18%"
"17.09.2024","5.280,00","5.410,00","5.439,00","5.200,00","3,72K","-2,15%"
"16.09.2024","5.396,00","5.393,00","5.500,00","5.288,00","4,29K","-2,56%"
"13.09.2024","5.538,00","5.307,00","5.307,00","5.307,00","0,02K","3,28%"
"12.09.2024","5.362,00","5.401,00","5.448,00","5.359,00","0,08K","-0,54%"
"11.09.2024","5.391,00","5.164,00","5.411,00","5.158,00","0,21K","5,03%"
"10.09.2024","5.133,00","5.423,00","5.424,00","5.118,00","0,88K","-5,71%"
"09.09.2024","5.444,00","5.302,00","5.459,00","5.300,00","0,63K","4,19%"
"06.09.2024","5.225,00","5.260,00","5.375,00","5.208,00","0,70K","1,10%"
"05.09.2024","5.168,00","4.895,00","5.241,00","4.895,00","0,99K","5,92%"
"04.09.2024","4.879,00","5.082,00","5.098,00","4.842,00","1,87K","-4,03%"
"03.09.2024","5.084,00","5.580,00","5.606,00","5.071,00","2,17K","-9,17%"
"02.09.2024","5.597,00","5.526,00","5.609,00","5.520,00","0,46K","0,20%"
"30.08.2024","5.586,00","5.604,00","5.729,00","5.530,00","1,78K","0,20%"
"29.08.2024","5.575,00","5.672,00","5.809,00","5.568,00","3,27K","-1,62%"
"28.08.2024","5.667,00","5.750,00","5.800,00","5.571,00","1,50K","-1,15%"
"27.08.2024","5.733,00","6.350,00","6.410,00","5.664,00","3,96K","-8,71%"
"23.08.2024","6.280,00","6.315,00","6.402,00","6.260,00","1,30K","-0,98%"
"22.08.2024","6.342,00","6.351,00","6.379,00","6.115,00","1,60K","0,00%"
"21.08.2024","6.342,00","6.460,00","6.550,00","6.300,00","1,59K","-1,41%"
"20.08.2024","6.433,00","6.378,00","6.490,00","6.251,00","1,58K","0,96%"
"19.08.2024","6.372,00","6.355,00","6.646,00","6.255,00","1,53K","0,36%"
"16.08.2024","6.349,00","6.393,00","6.478,00","6.315,00","1,47K","0,27%"
"15.08.2024","6.332,00","6.468,00","6.545,00","6.310,00","1,27K","-1,46%"
"14.08.2024","6.426,00","6.559,00","6.559,00","6.400,00","1,44K","-0,89%"
"13.08.2024","6.484,00","6.546,00","6.616,00","6.411,00","1,13K","0,15%"
"12.08.2024","6.474,00","6.687,00","6.764,00","6.441,00","2,01K","-3,27%"
"09.08.2024","6.693,00","6.460,00","6.812,00","6.408,00","2,27K","5,45%"
"08.08.2024","6.347,00","6.698,00","6.796,00","6.295,00","3,09K","-3,73%"
"07.08.2024","6.593,00","6.500,00","6.820,00","6.493,00","4,33K","1,56%"
"06.08.2024","6.492,00","6.321,00","6.500,00","6.231,00","2,83K","3,31%"
"05.08.2024","6.284,00","6.010,00","6.346,00","5.881,00","3,43K","4,32%"
"02.08.2024","6.024,00","5.996,00","6.207,00","5.970,00","2,59K","0,33%"
"01.08.2024","6.004,00","6.421,00","6.449,00","5.971,00","6,25K","-6,58%"
"31.07.2024","6.427,00","6.565,00","6.598,00","6.381,00","3,06K","-1,85%"
"30.07.2024","6.548,00","6.369,00","6.612,00","6.290,00","3,47K","3,48%"
"29.07.2024","6.328,00","6.515,00","6.538,00","6.293,00","3,70K","-2,87%"
"26.07.2024","6.515,00","6.478,00","6.563,00","6.310,00","2,44K","1,88%"
"25.07.2024","6.395,00","6.677,00","6.728,00","6.381,00","3,42K","-4,22%"
"24.07.2024","6.677,00","6.823,00","6.870,00","6.650,00","3,33K","-1,90%"
"23.07.2024","6.806,00","6.790,00","6.880,00","6.698,00","2,68K","-0,53%"
"22.07.2024","6.842,00","6.355,00","6.860,00","6.302,00","3,31K","7,95%"
"19.07.2024","6.338,00","6.655,00","6.830,00","6.290,00","3,74K","-4,30%"
"18.07.2024","6.623,00","6.323,00","6.695,00","6.301,00","2,80K","4,79%"
"17.07.2024","6.320,00","6.521,00","6.661,00","6.290,00","4,69K","-15,60%"
"16.07.2024","7.488,00","8.141,00","8.141,00","8.141,00","0,02K","-8,84%"
"15.07.2024","8.214,00","7.166,00","8.240,00","7.155,00","0,28K","11,83%"
"12.07.2024","7.345,00","7.585,00","7.756,00","7.288,00","0,31K","-3,33%"
"11.07.2024","7.598,00","7.510,00","7.629,00","7.268,00","0,41K","3,14%"
"10.07.2024","7.367,00","7.478,00","7.520,00","7.290,00","0,25K","-1,26%"
"09.07.2024","7.461,00","7.223,00","7.489,00","6.919,00","0,72K","4,66%"
"08.07.2024","7.129,00","7.407,00","7.436,00","7.091,00","0,60K","-3,14%"
"05.07.2024","7.360,00","7.299,00","7.425,00","7.180,00","1,01K","1,80%"
"04.07.2024","7.230,00","7.686,00","7.758,00","7.205,00","0,78K","-6,06%"
"03.07.2024","7.696,00","7.688,00","7.985,00","7.651,00","1,36K","-0,12%"
"02.07.2024","7.705,00","7.334,00","7.721,00","7.283,00","0,83K","4,19%"
"01.07.2024","7.395,00","7.352,00","7.458,00","7.097,00","2,61K","-1,73%"
"28.06.2024","7.525,00","7.050,00","7.549,00","6.818,00","2,56K","5,10%"
"27.06.2024","7.160,00","7.800,00","7.800,00","6.971,00","1,86K","-8,37%"
"26.06.2024","7.814,00","7.800,00","7.860,00","7.464,00","0,55K","0,04%"
"25.06.2024","7.811,00","7.699,00","7.919,00","7.097,00","2,50K","1,80%"
"24.06.2024","7.673,00","8.229,00","8.362,00","7.414,00","3,04K","-7,68%"
"21.06.2024","8.311,00","8.145,00","8.766,00","8.100,00","2,22K","1,17%"
"20.06.2024","8.215,00","8.535,00","8.673,00","8.160,00","1,00K","-3,53%"
"19.06.2024","8.516,00","8.461,00","8.589,00","8.252,00","0,56K","0,38%"
"18.06.2024","8.484,00","8.472,00","8.602,00","8.261,00","1,10K","0,77%"
"17.06.2024","8.419,00","8.792,00","8.901,00","8.282,00","1,92K","-4,73%"
"14.06.2024","8.837,00","8.851,00","9.092,00","8.100,00","3,20K","-2,19%"
"13.06.2024","9.035,00","8.675,00","9.150,00","8.675,00","2,66K","4,34%"
"12.06.2024","8.659,00","8.127,00","8.737,00","8.127,00","2,65K","6,73%"
"11.06.2024","8.113,00","7.853,00","8.128,00","7.846,00","2,84K","2,24%"
"10.06.2024","7.935,00","8.021,00","8.100,00","7.817,00","1,92K","-0,68%"
"07.06.2024","7.989,00","7.835,00","8.000,00","7.797,00","2,27K","1,65%"
"06.06.2024","7.859,00","7.698,00","7.886,00","7.670,00","3,04K","3,44%"
"05.06.2024","7.598,00","7.491,00","7.636,00","7.384,00","3,56K","-0,54%"
"04.06.2024","7.639,00","7.480,00","7.712,00","7.252,00","3,72K","-0,33%"
"03.06.2024","7.664,00","7.441,00","7.846,00","7.359,00","4,18K","2,96%"
"31.05.2024","7.444,00","7.430,00","7.529,00","7.268,00","2,89K","0,32%"
"30.05.2024","7.420,00","7.535,00","7.700,00","7.300,00","3,72K","-1,64%"
"29.05.2024","7.544,00","6.985,00","7.619,00","6.983,00","4,03K","6,55%"
"28.05.2024","7.080,00","6.819,00","7.096,00","6.609,00","5,58K","3,83%"
"24.05.2024","6.819,00","6.701,00","6.880,00","6.512,00","5,01K","2,51%"
"23.05.2024","6.652,00","6.185,00","6.684,00","6.082,00","3,92K","6,55%"
"22.05.2024","6.243,00","6.049,00","6.278,00","6.045,00","2,25K","2,16%"
"21.05.2024","6.111,00","5.988,00","6.183,00","5.730,00","3,47K","2,05%"
"20.05.2024","5.988,00","6.100,00","6.156,00","5.659,00","4,64K","-2,17%"
"17.05.2024","6.121,00","6.222,00","6.495,00","6.028,00","3,68K","-1,73%"
"16.05.2024","6.229,00","6.520,00","6.731,00","6.070,00","4,17K","-1,03%"
"15.05.2024","6.294,00","6.294,00","6.294,00","6.294,00","","4,64%"
"14.05.2024","6.015,00","5.800,00","6.379,00","5.800,00","0,20K","2,61%"
"13.05.2024","5.862,00","7.700,00","7.700,00","5.855,00","0,96K","-22,42%"
"10.05.2024","7.556,00","7.867,00","8.130,00","7.500,00","0,74K","-1,76%"
"09.05.2024","7.691,00","7.981,00","8.123,00","7.559,00","0,70K","-3,00%"
"08.05.2024","7.929,00","8.415,00","8.454,00","7.883,00","0,77K","-0,88%"
"07.05.2024","7.999,00","7.074,00","8.032,00","6.941,00","0,92K","7,18%"
"03.05.2024","7.463,00","7.047,00","7.464,00","6.619,00","1,00K","4,47%"
"02.05.2024","7.144,00","7.300,00","7.679,00","7.000,00","0,81K","-8,50%"
"01.05.2024","7.808,00","8.314,00","8.730,00","7.797,00","1,83K","-8,36%"
"30.04.2024","8.520,00","8.229,00","8.617,00","7.249,00","5,68K","3,97%"
"29.04.2024","8.195,00","9.414,00","9.414,00","8.030,00","2,64K","-13,23%"
"26.04.2024","9.444,00","9.633,00","9.870,00","9.385,00","1,87K","-1,80%"
"25.04.2024","9.617,00","10.000,00","10.051,00","9.504,00","1,43K","-1,78%"
"24.04.2024","9.791,00","9.500,00","9.800,00","9.500,00","1,18K","3,55%"
"23.04.2024","9.455,00","9.910,00","9.969,00","9.200,00","2,33K","-4,85%"
"22.04.2024","9.937,00","10.265,00","10.265,00","9.900,00","1,14K","-1,97%"
"19.04.2024","10.137,00","9.823,00","10.265,00","9.699,00","2,65K","4,72%"
"18.04.2024","9.680,00","9.001,00","9.809,00","9.001,00","2,75K","9,49%"
"17.04.2024","8.841,00","8.547,00","9.003,00","8.547,00","1,92K","2,26%"
"16.04.2024","8.646,00","9.238,00","9.312,00","8.600,00","1,59K","-5,79%"
"15.04.2024","9.177,00","8.914,00","9.235,00","8.869,00","2,20K","2,13%"
"12.04.2024","8.986,00","8.570,00","9.000,00","8.550,00","1,54K","4,85%"
"11.04.2024","8.570,00","8.490,00","8.700,00","8.459,00","2,09K","1,44%"
"10.04.2024","8.448,00","8.282,00","8.500,00","8.180,00","1,73K","2,59%"
"09.04.2024","8.235,00","8.050,00","8.253,00","7.884,00","3,47K","0,44%"
"08.04.2024","8.199,00","8.070,00","8.430,00","8.038,00","3,51K","2,54%"
"05.04.2024","7.996,00","7.841,00","8.080,00","7.735,00","3,74K","3,35%"
"04.04.2024","7.737,00","7.894,00","7.905,00","7.584,00","5,25K","-1,65%"
"03.04.2024","7.867,00","8.380,00","8.459,00","7.783,00","9,50K","-6,17%"
"02.04.2024","8.384,00","8.665,00","8.690,00","8.347,00","7,38K","1,30%"
"28.03.2024","8.276,00","8.266,00","8.400,00","8.174,00","6,43K","0,83%"
"27.03.2024","8.208,00","8.150,00","8.230,00","7.861,00","9,19K","-0,04%"
"26.03.2024","8.211,00","8.214,00","8.682,00","8.194,00","12,00K","0,22%"
"25.03.2024","8.193,00","7.474,00","8.232,00","7.422,00","8,37K","9,81%"
"22.03.2024","7.461,00","7.127,00","7.500,00","7.058,00","5,18K","4,53%"
"21.03.2024","7.138,00","6.939,00","7.173,00","6.883,00","8,81K","2,90%"
"20.03.2024","6.937,00","6.706,00","6.960,00","6.499,00","7,70K","3,68%"
"19.03.2024","6.691,00","6.854,00","6.999,00","6.675,00","5,81K","-1,66%"
"18.03.2024","6.804,00","6.616,00","6.995,00","6.520,00","14,76K","4,00%"
"15.03.2024","6.542,00","6.124,00","6.574,00","6.034,00","11,73K","6,60%"
"14.03.2024","6.137,00","5.773,00","6.275,00","5.773,00","9,19K","0,80%"
"13.03.2024","6.088,00","6.157,00","6.157,00","5.901,00","0,24K","-1,31%"
"12.03.2024","6.169,00","5.947,00","6.180,00","5.853,00","0,41K","3,73%"
"11.03.2024","5.947,00","5.530,00","5.948,00","5.530,00","0,91K","7,17%"
"08.03.2024","5.549,00","5.665,00","5.726,00","5.500,00","0,69K","-2,05%"
"07.03.2024","5.665,00","5.800,00","5.805,00","5.595,00","0,88K","-1,84%"
"06.03.2024","5.771,00","5.800,00","5.865,00","5.642,00","1,64K","-0,33%"
"05.03.2024","5.790,00","5.904,00","5.920,00","5.760,00","1,28K","-1,31%"
"04.03.2024","5.867,00","5.608,00","5.917,00","5.591,00","1,23K","4,40%"